{
    "config": {
        "iothub_client_trace": {
            "help": "Enable IoT Hub Client tracing",
            "value": false
        }
    },
    "target_overrides": {
        "*": {
            "target.printf_lib": "std",
            "platform.stdio-convert-newlines": true,
            "platform.stdio-baud-rate": 115200,
            "target.components_add": ["SD"]
        },
        "DISCO_L475VG_IOT01A": {
            "target.components_add": ["wifi_ism43362"],
            "target.network-default-interface-type": "WIFI",
            "nsapi.default-wifi-security": "WPA_WPA2",
            "nsapi.default-wifi-ssid": "\"SSID\"",
            "nsapi.default-wifi-password": "\"PASSWORD\""
        }
    }
}
